{
  "ratios": {
    "growth": {
      "revenue_yoy": [
        null,
        0.2644714933024306,
        -0.2296468146601749,
        0.04153003683854828,
        0.007349924680361886
      ],
      "revenue_5y_multiple": 1.0220004405817753,
      "cagr_3y": -0.06850467404532401,
      "asset_yoy": [
        null,
        0.1364394550239445,
        0.030838902979273053,
        0.07445043925769412,
        0.016268966206777202
      ]
    },
    "profitability": {
      "gross_margin": [
        0.12348959413347507,
        0.11027463880643212,
        0.1352843676739006,
        0.1455234587760248,
        0.1493212880845068
      ],
      "operating_margin": [
        0.0592881604554426,
        0.05315273200298976,
        0.060875230146740435,
        0.06588672396977638,
        0.06870867049220704
      ],
      "ebitda_margin": [
        0.0592881604554426,
        0.05315273200298976,
        0.060875230146740435,
        0.06588672396977638,
        0.06870867049220704
      ],
      "net_margin": [
        0.04646964928657792,
        0.06556594182884153,
        0.052823227432663954,
        0.0570934392309329,
        0.05618640403120896
      ],
      "sga_ratio": [
        0.06420143367803247,
        0.05712190680344236,
        0.07440913752716016,
        0.07963673480624843,
        0.08061261759229978
      ],
      "personnel_ratio": [
        null,
        null,
        null,
        null,
        null
      ],
      "rent_ratio": [
        null,
        null,
        null,
        null,
        null
      ]
    },
    "stability": {
      "current_ratio": [
        3.196220529177051,
        3.2108814736290046,
        3.4116944113197776,
        3.6081413752541525,
        4.033631113577192
      ],
      "quick_ratio": [
        1.2655602781381081,
        1.2207216911828513,
        1.3671955948903638,
        1.358126238354515,
        1.436067881154726
      ],
      "debt_ratio": [
        0.4129305697669925,
        0.41165316298130944,
        0.3727287507590608,
        0.3640100110450634,
        0.3109066853356404
      ],
      "equity_ratio": [
        0.7077488599916913,
        0.7083893028568521,
        0.7284760368332363,
        0.7331324491041163,
        0.7628308034327883
      ],
      "short_debt_ratio": [
        0.00015095657948077076,
        null,
        0,
        null,
        null
      ],
      "current_liab_ratio": [
        0.7711439937613572,
        0.7153507798883673,
        0.7149588219948679,
        0.7063381818657364,
        0.7307959075686824
      ],
      "intangible_ratio": [
        0.06801678281630562,
        0.05963213032895051,
        0.06645985792126459,
        0.06149766045477676,
        0.061262022109518054
      ],
      "capital_erosion": [
        false,
        false,
        false,
        false,
        false
      ]
    },
    "activity": {
      "asset_turnover": [
        1.2959439349656563,
        1.441945855925712,
        1.0775763118655481,
        1.0445601349179536,
        1.035392802715589
      ],
      "ar_turnover": [
        7.10319160779688,
        10.435695965359344,
        8.956027747435668,
        8.038204858798421,
        7.783441194290348
      ],
      "ar_days": [
        51.38535184653538,
        34.97610520770203,
        40.75467498462234,
        45.408148512224095,
        46.894425086393774
      ]
    }
  },
  "derived_cf": {
    "ebitda": [
      808097.771607,
      916074.023314,
      808230.946594,
      911096.907001,
      957102.744609
    ],
    "ebitda_margin": [
      0.0592881604554426,
      0.05315273200298976,
      0.060875230146740435,
      0.06588672396977638,
      0.06870867049220704
    ],
    "ocf_estimate": [
      980238.87463,
      1289793.206812,
      1460826.705639,
      1238044.504932,
      1203327.812666
    ],
    "capex": [
      null,
      339189.03972599993,
      240086.87484000006,
      114746.40886600001,
      0
    ],
    "fcf": [
      null,
      950604.167086,
      1220739.8307989999,
      1123298.096066,
      1203327.812666
    ],
    "fcf_margin": [
      null,
      0.05515625074844896,
      0.09194502940322549,
      0.08123222790305736,
      0.086384721640677
    ],
    "runway_months": [
      null,
      null,
      null,
      null,
      null
    ],
    "interest_coverage": [
      45.787254683385704,
      31.79584358850604,
      21.15491634195409,
      5.860204167870597,
      5.93525548641926
    ],
    "total_debt": [
      464,
      null,
      0,
      null,
      null
    ]
  },
  "top_kpis": [
    {
      "label": "매출 YoY",
      "value_latest": 0.007349924680361886,
      "unit": "%",
      "yoy": -0.8230214745791011,
      "signal": "yellow"
    },
    {
      "label": "영업이익률",
      "value_latest": 0.06870867049220704,
      "unit": "%",
      "yoy": 0.042830275242173865,
      "signal": "green"
    },
    {
      "label": "EBITDA 마진",
      "value_latest": 0.06870867049220704,
      "unit": "%",
      "yoy": 0.042830275242173865,
      "signal": "yellow"
    },
    {
      "label": "부채비율",
      "value_latest": 0.3109066853356404,
      "unit": "%",
      "yoy": -0.14588424520788512,
      "signal": "green"
    },
    {
      "label": "유동비율",
      "value_latest": 4.033631113577192,
      "unit": "%",
      "yoy": 0.11792490761065832,
      "signal": "green"
    },
    {
      "label": "자기자본비율",
      "value_latest": 0.7628308034327883,
      "unit": "%",
      "yoy": 0.040508852615872115,
      "signal": "green"
    },
    {
      "label": "FCF 마진",
      "value_latest": 0.086384721640677,
      "unit": "%",
      "yoy": 0.06342918162688616,
      "signal": "green"
    },
    {
      "label": "이자보상배율",
      "value_latest": 5.93525548641926,
      "unit": "배",
      "yoy": 0.01280694603784327,
      "signal": "green"
    },
    {
      "label": "매출채권 회수기간",
      "value_latest": 46.894425086393774,
      "unit": "일",
      "yoy": 0.032731494739750566,
      "signal": "yellow"
    }
  ],
  "per_item": {
    "income": [
      {
        "name": "revenue",
        "values": [
          13630002.438924,
          17234749.537662,
          13276844.204872,
          13828232.0338,
          13929868.497711
        ],
        "yoy_latest": 0.007349924680361886,
        "share_latest": 1,
        "trend_5y_multiple": 1.0220004405817753
      },
      {
        "name": "sga",
        "values": [
          875065.697614,
          984481.756871,
          987918.526367,
          1101235.247315,
          1122923.162317
        ],
        "yoy_latest": 0.01969417075495805,
        "share_latest": 0.08061261759229978,
        "trend_5y_multiple": 1.2832444071100277
      },
      {
        "name": "operating_income",
        "values": [
          808097.771607,
          916074.023314,
          808230.946594,
          911096.907001,
          957102.744609
        ],
        "yoy_latest": 0.0504949992196051,
        "share_latest": 0.06870867049220704,
        "trend_5y_multiple": 1.184389783312588
      },
      {
        "name": "net_income",
        "values": [
          633381.433112,
          1130012.585621,
          701325.761022,
          789501.325293,
          782669.219514
        ],
        "yoy_latest": -0.008653697669810057,
        "share_latest": 0.05618640403120896,
        "trend_5y_multiple": 1.2356996567905418
      },
      {
        "name": "cogs",
        "values": [
          11946838.969703,
          15334193.757477,
          11480694.731911,
          11815899.879484,
          11849842.590785
        ],
        "yoy_latest": 0.002872630239524554,
        "share_latest": 0.8506787119154933,
        "trend_5y_multiple": 0.9918810005588942
      },
      {
        "name": "gross_profit",
        "values": [
          1683163.469221,
          1900555.780185,
          1796149.472961,
          2012332.154316,
          2080025.906926
        ],
        "yoy_latest": 0.03363945284321579,
        "share_latest": 0.1493212880845068,