{
  "ratios": {
    "growth": {
      "revenue_yoy": [
        null,
        0.18072866582805402,
        0.08092336426600455,
        -0.14325404881875925,
        0.1619531117661297
      ],
      "revenue_5y_multiple": 1.2705321981461122,
      "cagr_3y": 0.02473567540517374,
      "asset_yoy": [
        null,
        0.1279240370418957,
        0.05110705034465268,
        0.01668390750998805,
        0.12859223298628364
      ]
    },
    "profitability": {
      "gross_margin": [
        0.38984783675387147,
        0.4048337417842388,
        0.3712043316749129,
        0.3033454888189257,
        0.3799258547776552
      ],
      "operating_margin": [
        0.15199668009797077,
        0.18466727389754137,
        0.1435212745626397,
        0.02536143615753196,
        0.10877077402197313
      ],
      "ebitda_margin": [
        0.15199668009797077,
        0.18466727389754137,
        0.1435212745626397,
        0.02536143615753196,
        0.10877077402197313
      ],
      "net_margin": [
        0.1115162699506148,
        0.14272805811176367,
        0.1841439518387503,
        0.059810649211343735,
        0.11450542626915305
      ],
      "sga_ratio": [
        0.2378511566559007,
        0.22016646788669747,
        0.22768305711227318,
        0.27798405266139375,
        0.2711550807556821
      ],
      "personnel_ratio": [
        null,
        null,
        null,
        null,
        null
      ],
      "rent_ratio": [
        null,
        null,
        null,
        null,
        null
      ]
    },
    "stability": {
      "current_ratio": [
        2.6217483038773786,
        2.475831629701343,
        2.7885760892113245,
        2.5876647522488674,
        2.432993362353306
      ],
      "quick_ratio": [
        0.7982032145213441,
        0.9049866613340677,
        1.090081489974606,
        1.3963160483517498,
        1.04288558576613
      ],
      "debt_ratio": [
        0.3706774322305691,
        0.39921697128885214,
        0.26405921794911996,
        0.2535983733846436,
        0.27931897811908624
      ],
      "equity_ratio": [
        0.7295662542372585,
        0.7146854423005434,
        0.7911021776514994,
        0.7977036515292034,
        0.7816658840395271
      ],
      "short_debt_ratio": [
        0.16183205484467722,
        0.11245198012997355,
        0.054948709154254476,
        0.07714134675743942,
        0.11725581542824891
      ],
      "current_liab_ratio": [
        0.7391343193925698,
        0.7239257701534672,
        0.8363483653674026,
        0.8210018387560019,
        0.8307495135431783
      ],
      "intangible_ratio": [
        0.04882802210657429,
        0.04743375620390586,
        0.04508619329317789,
        0.04988278942952229,
        0.04613623331315474
      ],
      "capital_erosion": [
        false,
        false,
        false,
        false,
        false
      ]
    },
    "activity": {
      "asset_turnover": [
        0.6260830924487147,
        0.6553936525576634,
        0.6739849300876859,
        0.5679580996064144,
        0.5847467862189969
      ],
      "ar_turnover": [
        7.647555124876562,
        6.867633162189907,
        8.460754082905051,
        7.065591104938897,
        6.897058879827196
      ],
      "ar_days": [
        47.727671659756936,
        53.14785915030021,
        43.14036271748901,
        51.65880597659585,
        52.921108310031556
      ]
    }
  },
  "derived_cf": {
    "ebitda": [
      35993876,
      51633856,
      43376630,
      6566976,
      32725961
    ],
    "ebitda_margin": [
      0.15199668009797077,
      0.18466727389754137,
      0.1435212745626397,
      0.02536143615753196,
      0.10877077402197313
    ],
    "ocf_estimate": [
      65287009,
      65105448,
      62181346,
      44137427,
      72982621
    ],
    "capex": [
      null,
      22743389,
      18098359,
      21734982,
      19685651
    ],
    "fcf": [
      null,
      42362059,
      44082987,
      22402445,
      53296970
    ],
    "fcf_margin": [
      null,
      0.1515069095791879,
      0.14585841456028917,
      0.08651747450274237,
      0.17714232073814062
    ],
    "runway_months": [
      null,
      null,
      null,
      null,
      null
    ],
    "interest_coverage": [
      null,
      null,
      null,
      0.519312041488178,
      2.520156889694836
    ],
    "total_debt": [
      18553145,
      16553949,
      8707987,
      10839451,
      17108364
    ]
  },
  "top_kpis": [
    {
      "label": "매출 YoY",
      "value_latest": 0.1619531117661297,
      "unit": "%",
      "yoy": null,
      "signal": "yellow"
    },
    {
      "label": "영업이익률",
      "value_latest": 0.10877077402197313,
      "unit": "%",
      "yoy": 3.2888254965667576,
      "signal": "green"
    },
    {
      "label": "EBITDA 마진",
      "value_latest": 0.10877077402197313,
      "unit": "%",
      "yoy": 3.2888254965667576,
      "signal": "green"
    },
    {
      "label": "부채비율",
      "value_latest": 0.27931897811908624,
      "unit": "%",
      "yoy": 0.10142259349365434,
      "signal": "green"
    },
    {
      "label": "유동비율",
      "value_latest": 2.432993362353306,
      "unit": "%",
      "yoy": -0.059772576706909386,
      "signal": "green"
    },
    {
      "label": "자기자본비율",
      "value_latest": 0.7816658840395271,
      "unit": "%",
      "yoy": -0.02010491923777935,
      "signal": "green"
    },
    {
      "label": "FCF 마진",
      "value_latest": 0.17714232073814062,
      "unit": "%",
      "yoy": 1.0474744756046444,
      "signal": "green"
    },
    {
      "label": "이자보상배율",
      "value_latest": 2.520156889694836,
      "unit": "배",
      "yoy": 3.852875898030196,
      "signal": "yellow"
    },
    {
      "label": "매출채권 회수기간",
      "value_latest": 52.921108310031556,
      "unit": "일",
      "yoy": 0.024435375722923203,
      "signal": "yellow"
    }
  ],
  "per_item": {
    "income": [
      {
        "name": "revenue",
        "values": [
          236806988,
          279604799,
          302231360,
          258935494,
          300870903
        ],
        "yoy_latest": 0.1619531117661297,
        "share_latest": 1,
        "trend_5y_multiple": 1.2705321981461122
      },
      {
        "name": "sga",
        "values": [
          56324816,
          61559601,
          68812960,
          71979938,
          81582674
        ],
        "yoy_latest": 0.13340850613125,
        "share_latest": 0.2711550807556821,
        "trend_5y_multiple": 1.4484321440126853
      },
      {
        "name": "operating_income",
        "values": [
          35993876,
          51633856,
          43376630,
          6566976,
          32725961
        ],
        "yoy_latest": 3.9834141315576606,
        "share_latest": 0.10877077402197313,
        "trend_5y_multiple": 0.9092091387990557
      },
      {
        "name": "net_income",
        "values": [
          26407832,
          39907450,
          55654077,
          15487100,
          34451351
        ],
        "yoy_latest": 1.2245191804792377,
        "share_latest": 0.11450542626915305,
        "trend_5y_multiple": 1.3045883887779959
      },
      {
        "name": "cogs",
        "values": [
          144488296,
          166411342,
          190041770,
          180388580,
          186562268
        ],
        "yoy_latest": 0.034224383827401894,
        "share_latest": 0.6200741452223447,
        "trend_5y_multiple": 1.2911929420220998
      },
      {
        "name": "gross_profit",
        "values": [
          92318692,
          113193457,
          112189590,
          78546914,
          114308635
        ],
        "yoy_latest": 0.4552912288826523,
        "share_latest": 0.3799258547776552,
        "trend_5y_multiple": 1.2381959982708595
      },
      {
        "name": "interest_expense",
        "values": [
          null,
          null,
          null,
          12645530,
          12985684
        ],