{
  "ratios": {
    "growth": {
      "revenue_yoy": [
        null,
        0.1308974906065381,
        0.2118593348869684,
        0.14127827300177476,
        0.07726114276632257
      ],
      "revenue_5y_multiple": 1.6849538000400606,
      "cagr_3y": 0.14214590149252215,
      "asset_yoy": [
        null,
        0.11752034013722823,
        0.09316683480702204,
        0.10448359959872433,
        0.20298234438233598
      ]
    },
    "profitability": {
      "gross_margin": [
        0.17771246473272012,
        0.18646695239935207,
        0.19868478045312438,
        0.20585060408636405,
        0.20401170903669166
      ],
      "operating_margin": [
        0.023026213845067447,
        0.05678865275319596,
        0.06889734674777052,
        0.09299500904255893,
        0.08126176057290452
      ],
      "ebitda_margin": [
        0.023026213845067447,
        0.05678865275319596,
        0.06889734674777052,
        0.09299500904255893,
        0.08126176057290452
      ],
      "net_margin": [
        null,
        null,
        null,
        0.07544590544143874,
        0.0754997486091985
      ],
      "sga_ratio": [
        0.1546862508876527,
        0.12967829964615613,
        0.12978743370535384,
        0.1128555950438051,
        0.12274994846378715
      ],
      "personnel_ratio": [
        null,
        null,
        null,
        null,
        null
      ],
      "rent_ratio": [
        null,
        null,
        null,
        null,
        null
      ]
    },
    "stability": {
      "current_ratio": [
        1.4074507453204135,
        1.3787328123992253,
        1.2984085908608372,
        1.3866112453183084,
        1.4559779497437815
      ],
      "quick_ratio": [
        0.23342109274732217,
        0.2649030998390377,
        0.34112030539382315,
        0.3250833880811732,
        0.3134591234424232
      ],
      "debt_ratio": [
        1.7422262515134403,
        1.8317397658696934,
        1.8135553667083826,
        1.774431869971979,
        1.8251572906110818
      ],
      "equity_ratio": [
        0.364667211338998,
        0.3531397948543046,
        0.3554221864025068,
        0.360434152600078,
        0.35396259292299437
      ],
      "short_debt_ratio": [
        0.10361153452184271,
        0.0864850450033822,
        0.0689521475985359,
        0.050015788475992896,
        0.04248830607319625
      ],
      "current_liab_ratio": [
        0.4470532229582795,
        0.4244797546796641,
        0.4503385546394819,
        0.4060919631882874,
        0.3621935995115507
      ],
      "intangible_ratio": [
        0.02712072593628717,
        0.024992842912339563,
        0.023861414926082944,
        0.022015546051982565,
        0.022609668981135873
      ],
      "capital_erosion": [
        false,
        false,
        false,
        false,
        false
      ]
    },
    "activity": {
      "asset_turnover": [
        0.49677800979756725,
        0.5027246346134434,
        0.5573088406414106,
        0.575874980313818,
        0.5156914748419864
      ],
      "ar_turnover": [
        25.88955088559243,
        27.863411964548433,
        31.966242767773217,
        34.74097739045599,
        29.659581904710482
      ],
      "ar_days": [
        14.098351941791426,
        13.099616101014545,
        11.418295313954598,
        10.506325020673497,
        12.30630968341571
      ]
    }
  },
  "derived_cf": {
    "ebitda": [
      2394671,
      6678949,
      9819769,
      15126901,
      14239592
    ],
    "ebitda_margin": [
      0.023026213845067447,
      0.05678865275319596,
      0.06889734674777052,
      0.09299500904255893,
      0.08126176057290452
    ],
    "ocf_estimate": [
      -409807,
      -1176416,
      10627311,
      -2518760,
      -5661641
    ],
    "capex": [
      null,
      1620273,
      865498,
      2883918,
      7077186
    ],
    "fcf": [
      null,
      -2796689,
      9761813,
      -5402678,
      -12738827
    ],
    "fcf_margin": [
      null,
      -0.023779220425202058,
      0.06849071654820944,
      -0.03321381487616229,
      -0.07269727318406677
    ],
    "runway_months": [
      null,
      54.90301138238825,
      null,
      42.571374418390285,
      17.912114514154247
    ],
    "interest_coverage": [
      2.5049095650482065,
      12.178751299210445,
      9.31465394582576,
      15.583497476048212,
      15.847283014542302
    ],
    "total_debt": [
      26507394,
      23755567,
      23651629,
      26605308,
      33612684
    ]
  },
  "top_kpis": [
    {
      "label": "매출 YoY",
      "value_latest": 0.07726114276632257,
      "unit": "%",
      "yoy": -0.45312792176223726,
      "signal": "yellow"
    },
    {
      "label": "영업이익률",
      "value_latest": 0.08126176057290452,
      "unit": "%",
      "yoy": -0.12617073314423488,
      "signal": "green"
    },
    {
      "label": "EBITDA 마진",
      "value_latest": 0.08126176057290452,
      "unit": "%",
      "yoy": -0.12617073314423488,
      "signal": "yellow"
    },
    {
      "label": "부채비율",
      "value_latest": 1.8251572906110818,
      "unit": "%",
      "yoy": 0.028586851655174383,
      "signal": "green"
    },
    {
      "label": "유동비율",
      "value_latest": 1.4559779497437815,
      "unit": "%",
      "yoy": 0.05002606509912555,
      "signal": "yellow"
    },
    {
      "label": "자기자본비율",
      "value_latest": 0.35396259292299437,
      "unit": "%",
      "yoy": -0.017954901416526337,
      "signal": "green"
    },
    {
      "label": "FCF 마진",
      "value_latest": -0.07269727318406677,
      "unit": "%",
      "yoy": 1.1887661340655553,
      "signal": "red"
    },
    {
      "label": "Runway",
      "value_latest": 17.912114514154247,
      "unit": "개월",
      "yoy": -0.5792450969960593,
      "signal": "yellow"
    },
    {
      "label": "이자보상배율",
      "value_latest": 15.847283014542302,
      "unit": "배",
      "yoy": 0.01692723593657508,
      "signal": "green"
    },
    {
      "label": "매출채권 회수기간",
      "value_latest": 12.30630968341571,
      "unit": "일",
      "yoy": 0.17132390814108156,
      "signal": "green"
    }
  ],
  "per_item": {
    "income": [
      {
        "name": "revenue",
        "values": [
          103997601,
          117610626,
          142527535,
          162663579,
          175231153
        ],
        "yoy_latest": 0.07726114276632257,
        "share_latest": 1,
        "trend_5y_multiple": 1.6849538000400606
      },
      {
        "name": "sga",
        "values": [
          16086999,
          15251546,
          18498283,
          18357495,
          21509615
        ],
        "yoy_latest": 0.17170752327591532,
        "share_latest": 0.12274994846378715,
        "trend_5y_multiple": 1.3370806450600263
      },
      {
        "name": "operating_income",
        "values": [
          2394671,
          6678949,
          9819769,
          15126901,
          14239592
        ],
        "yoy_latest": -0.05865768540430061,
        "share_latest": 0.08126176057290452,
        "trend_5y_multiple": 5.9463667451604
      },
      {
        "name": "net_income",
        "values": [
          null,
          null,
          null,
          12272301,
          13229908
        ],
        "yoy_latest": 0.07802994727720569,
        "share_latest": 0.0754997486091985
      },
      {
        "name": "cogs",
        "values": [
          85515931,
          95680131,
          114209483,
          129179183,
          139481946
        ],
        "yoy_latest": 0.07975559808270338,
        "share_latest": 0.7959882909633084,
        "trend_5y_multiple": 1.631063877442906
      },
      {
        "name": "gross_profit",
        "values": [
          18481670,
          21930495,
          28318052,
          33484396,
          35749207
        ],
        "yoy_latest": 0.06763780359066351,
        "share_latest": 0.20401170903669166,