{
  "ratios": {
    "growth": {
      "revenue_yoy": [
        null,
        0.28533412075898235,
        0.2057144833640745,
        0.1764660557593365,
        0.11034174505672523
      ],
      "revenue_5y_multiple": 2.0244011884864594,
      "cagr_3y": 0.16348337581906125,
      "asset_yoy": [
        null,
        0.9801654028035585,
        0.006174826819401291,
        0.05424294960989284,
        0.0679965537369136
      ]
    },
    "profitability": {
      "gross_margin": [
        null,
        null,
        null,
        null,
        null
      ],
      "operating_margin": [
        0.2291306612030705,
        0.19442006395703382,
        0.15871677836183068,
        0.15395255319023432,
        0.18432810451131384
      ],
      "ebitda_margin": [
        0.2291306612030705,
        0.19442006395703382,
        0.15871677836183068,
        0.15395255319023432,
        0.18432810451131384
      ],
      "net_margin": [
        0.15930877336679347,
        2.416924763435773,
        0.08189462947179671,
        0.10185648500974326,
        0.17992427677950784
      ],
      "sga_ratio": [
        null,
        null,
        null,
        null,
        null
      ],
      "personnel_ratio": [
        null,
        null,
        null,
        null,
        null
      ],
      "rent_ratio": [
        null,
        null,
        null,
        null,
        null
      ]
    },
    "stability": {
      "current_ratio": [
        1.332784429660123,
        1.408980054622695,
        1.1749682701830209,
        1.114582501250192,
        1.5388484551135027
      ],
      "quick_ratio": [
        0.32699843713566473,
        1.0797123690867405,
        0.7781288852418798,
        0.8406223904833325,
        0.9603728203496318
      ],
      "debt_ratio": [
        1.0610498525274037,
        0.4021924935660563,
        0.4455683036937089,
        0.4744545222711542,
        0.4135772988115132
      ],
      "equity_ratio": [
        0.48518962254781456,
        0.7131688442125372,
        0.691769456652311,
        0.6782169167616405,
        0.7074250561612478
      ],
      "short_debt_ratio": [
        0.0657856275771732,
        0.047737941021969856,
        0.1322075091259766,
        0.028960547132309656,
        0.012124146495278735
      ],
      "current_liab_ratio": [
        0.9032600957883765,
        0.4059881205203691,
        0.5245267838053629,
        0.5483185096842472,
        0.5455520916232154
      ],
      "intangible_ratio": [
        0.006179305988276528,
        0.027667690490704007,
        0.04370104613188852,
        0.09641324597538607,
        0.09581844296687139
      ],
      "capital_erosion": [
        false,
        false,
        false,
        false,
        false
      ]
    },
    "activity": {
      "asset_turnover": [
        0.31174747252609136,
        0.2023566632013871,
        0.24248704412372593,
        0.2705996530292595,
        0.281328708323029
      ],
      "ar_turnover": [
        5.3749554393110115,
        4.686728570706765,
        5.336081167305736,
        5.608948183894114,
        6.487182074725809
      ],
      "ar_days": [
        67.90753972218745,
        77.87948341650123,
        68.40225786600877,
        65.07458939415484,
        56.26479969200299
      ]
    }
  },
  "derived_cf": {
    "ebitda": [
      1215342.457273,
      1325478.171117,
      1304664.410543,
      1488820.269608,
      1979263.438827
    ],
    "ebitda_margin": [
      0.2291306612030705,
      0.19442006395703382,
      0.15871677836183068,
      0.15395255319023432,
      0.18432810451131384
    ],
    "ocf_estimate": [
      1447212.21764,
      1379905.728836,
      1453390.44499,
      2002233.273518,
      2589874.337746
    ],
    "capex": [
      null,
      1253714.4791600003,
      895829.8705329995,
      2247977.3524730005,
      379557.3560919999
    ],
    "fcf": [
      null,
      126191.24967599963,
      557560.5744570005,
      -245744.0789550005,
      2210316.981654
    ],
    "fcf_margin": [
      null,
      0.018509630235668546,
      0.06782910410084347,
      -0.025411346929381948,
      0.2058460392917214
    ],
    "runway_months": [
      null,
      null,
      null,
      174.64298054484092,
      null
    ],
    "interest_coverage": [
      8.299660014405207,
      3.7942995116001326,
      1.400571823772854,
      2.1805669439845965,
      3.419207943219765
    ],
    "total_debt": [
      726901.5856359999,
      2013335.844342,
      1709433.612166,
      1326641.75778,
      998449.877719
    ]
  },
  "top_kpis": [
    {
      "label": "매출 YoY",
      "value_latest": 0.11034174505672523,
      "unit": "%",
      "yoy": -0.37471405148189674,
      "signal": "yellow"
    },
    {
      "label": "영업이익률",
      "value_latest": 0.18432810451131384,
      "unit": "%",
      "yoy": 0.1973046285471174,
      "signal": "green"
    },
    {
      "label": "EBITDA 마진",
      "value_latest": 0.18432810451131384,
      "unit": "%",
      "yoy": 0.1973046285471174,
      "signal": "green"
    },
    {
      "label": "부채비율",
      "value_latest": 0.4135772988115132,
      "unit": "%",
      "yoy": -0.12830992350590176,
      "signal": "green"
    },
    {
      "label": "유동비율",
      "value_latest": 1.5388484551135027,
      "unit": "%",
      "yoy": 0.3806501119364649,
      "signal": "green"
    },
    {
      "label": "자기자본비율",
      "value_latest": 0.7074250561612478,
      "unit": "%",
      "yoy": 0.04306607322487732,
      "signal": "green"
    },
    {
      "label": "FCF 마진",
      "value_latest": 0.2058460392917214,
      "unit": "%",
      "yoy": null,
      "signal": "green"
    },
    {
      "label": "Runway",
      "value_latest": 174.64298054484092,
      "unit": "개월",
      "yoy": null,
      "signal": "green"
    },
    {
      "label": "이자보상배율",
      "value_latest": 3.419207943219765,
      "unit": "배",
      "yoy": 0.5680362176690497,
      "signal": "yellow"
    },
    {
      "label": "매출채권 회수기간",
      "value_latest": 56.26479969200299,
      "unit": "일",
      "yoy": -0.1353798738366403,
      "signal": "yellow"
    }
  ],
  "per_item": {
    "income": [
      {
        "name": "revenue",
        "values": [
          5304145.900386,
          6817599.70725,
          8220078.70881,
          9670643.576585,
          10737719.264647
        ],
        "yoy_latest": 0.11034174505672523,
        "share_latest": 1,
        "trend_5y_multiple": 2.0244011884864594
      },
      {
        "name": "sga",
        "values": [
          null,
          null,
          null,
          null,
          null
        ],
        "yoy_latest": null,
        "share_latest": null
      },
      {
        "name": "operating_income",
        "values": [
          1215342.457273,
          1325478.171117,
          1304664.410543,
          1488820.269608,
          1979263.438827
        ],
        "yoy_latest": 0.3294173106255005,
        "share_latest": 0.18432810451131384,
        "trend_5y_multiple": 1.6285643828062217
      },
      {
        "name": "net_income",
        "values": [
          844996.977149,
          16477625.559645,
          673180.300087,
          985017.762493,
          1931976.372953
        ],
        "yoy_latest": 0.9613619637308108,
        "share_latest": 0.17992427677950784,
        "trend_5y_multiple": 2.2863707506640356
      },
      {
        "name": "cogs",
        "values": [
          null,
          5492121.536133,
          null,
          null,
          null
        ],
        "yoy_latest": null,
        "share_latest": null
      },
      {
        "name": "gross_profit",
        "values": [
          null,
          null,
          null,
          null,
          null
        ],
        "yoy_latest": null,
        "share_latest": null
      },
      {
        "name": "interest_expense",